,Generic Name,"Total Spending, 2011","Unit Count, 2011","Average Cost Per Unit (Weighted), 2011","Total Spending, 2012","Unit Count, 2012","Average Cost Per Unit (Weighted), 2012","Total Spending, 2013","Unit Count, 2013","Average Cost Per Unit (Weighted), 2013","Total Spending, 2014","Unit Count, 2014","Average Cost Per Unit (Weighted), 2014","Total Spending, 2015","Unit Count, 2015","Average Cost Per Unit (Weighted), 2015"
0,Opioids,3061645141.2600007,5426436918,608.98,3178770402.84,5879193783,988.81,3531823785.42,6352428736,1149.7500000000002,4119215884.6000004,6438701268,1327.1799999999998,4225166662.85,6342031849,1394.4099999999999
